{
    "name": "root",
    "metadata": {
        "timer_format_version": "0.1.0",
        "start_time_seconds": "1603401194",
        "python_version": "3.7.7 (default, May  6 2020, 11:45:54) [MSC v.1916 64 bit (AMD64)]",
        "command_line_arguments": "C:\\Users\\jason\\anaconda3\\envs\\py37\\Scripts\\mlagents-learn config/rollerball_config.yaml --run-id=MultiRollerBall",
        "mlagents_version": "0.21.0",
        "mlagents_envs_version": "0.21.0",
        "communication_protocol_version": "1.2.0",
        "tensorflow_version": "2.3.1",
        "numpy_version": "1.17.0",
        "end_time_seconds": "1603401227"
    },
    "total": 32.9653226,
    "count": 1,
    "self": 0.01924090000000689,
    "children": {
        "run_training.setup": {
            "total": 0.052617199999999364,
            "count": 1,
            "self": 0.052617199999999364
        },
        "TrainerController.start_learning": {
            "total": 32.89346449999999,
            "count": 1,
            "self": 0.054983000000106586,
            "children": {
                "TrainerController._reset_env": {
                    "total": 17.1677554,
                    "count": 1,
                    "self": 17.1677554
                },
                "TrainerController.advance": {
                    "total": 14.568157199999892,
                    "count": 970,
                    "self": 0.022299899999872252,
                    "children": {
                        "env_step": {
                            "total": 14.54585730000002,
                            "count": 970,
                            "self": 13.20360890000022,
                            "children": {
                                "SubprocessEnvManager._take_step": {
                                    "total": 1.3228688999999,
                                    "count": 970,
                                    "self": 0.04173879999997965,
                                    "children": {
                                        "TFPolicy.evaluate": {
                                            "total": 1.2811300999999204,
                                            "count": 882,
                                            "self": 1.2811300999999204
                                        }
                                    }
                                },
                                "workers": {
                                    "total": 0.019379499999899963,
                                    "count": 969,
                                    "self": 0.0,
                                    "children": {
                                        "worker_root": {
                                            "total": 17.414773599999975,
                                            "count": 969,
                                            "is_parallel": true,
                                            "self": 5.870706999999991,
                                            "children": {
                                                "steps_from_proto": {
                                                    "total": 0.002619099999998653,
                                                    "count": 1,
                                                    "is_parallel": true,
                                                    "self": 0.00036089999999866507,
                                                    "children": {
                                                        "_process_vector_observation": {
                                                            "total": 0.002258199999999988,
                                                            "count": 2,
                                                            "is_parallel": true,
                                                            "self": 0.002258199999999988
                                                        }
                                                    }
                                                },
                                                "UnityEnvironment.step": {
                                                    "total": 11.541447499999986,
                                                    "count": 969,
                                                    "is_parallel": true,
                                                    "self": 0.15109599999988177,
                                                    "children": {
                                                        "UnityEnvironment._generate_step_input": {
                                                            "total": 0.11850580000011846,
                                                            "count": 969,
                                                            "is_parallel": true,
                                                            "self": 0.11850580000011846
                                                        },
                                                        "communicator.exchange": {
                                                            "total": 10.978108099999965,
                                                            "count": 969,
                                                            "is_parallel": true,
                                                            "self": 10.978108099999965
                                                        },
                                                        "steps_from_proto": {
                                                            "total": 0.29373760000002136,
                                                            "count": 969,
                                                            "is_parallel": true,
                                                            "self": 0.12375570000008551,
                                                            "children": {
                                                                "_process_vector_observation": {
                                                                    "total": 0.16998189999993585,
                                                                    "count": 1938,
                                                                    "is_parallel": true,
                                                                    "self": 0.16998189999993585
                                                                }
                                                            }
                                                        }
                                                    }
                                                }
                                            }
                                        }
                                    }
                                }
                            }
                        }
                    }
                },
                "trainer_threads": {
                    "total": 5.8699999996747465e-05,
                    "count": 1,
                    "self": 5.8699999996747465e-05,
                    "children": {
                        "thread_root": {
                            "total": 0.0,
                            "count": 0,
                            "is_parallel": true,
                            "self": 0.0,
                            "children": {
                                "trainer_advance": {
                                    "total": 14.37520890000031,
                                    "count": 5824,
                                    "is_parallel": true,
                                    "self": 0.4747636000002444,
                                    "children": {
                                        "process_trajectory": {
                                            "total": 11.745833900000058,
                                            "count": 5824,
                                            "is_parallel": true,