{
    "name": "root",
    "gauges": {
        "RollerBall.Policy.Entropy.mean": {
            "value": 1.3876177072525024,
            "min": 1.3876177072525024,
            "max": 1.41731595993042,
            "count": 2
        },
        "RollerBall.Environment.EpisodeLength.mean": {
            "value": 8.096363636363636,
            "min": 8.096363636363636,
            "max": 11.062726176115802,
            "count": 2
        },
        "RollerBall.Policy.ExtrinsicValueEstimate.mean": {
            "value": 0.8252914547920227,
            "min": 0.5613102316856384,
            "max": 0.8252914547920227,
            "count": 2
        },
        "RollerBall.Environment.CumulativeReward.mean": {
            "value": 0.8545454545454545,
            "min": 0.5809178743961353,
            "max": 0.8545454545454545,
            "count": 2
        },
        "RollerBall.Policy.ExtrinsicReward.mean": {
            "value": 0.8545454545454545,
            "min": 0.5809178743961353,
            "max": 0.8545454545454545,
            "count": 2
        },
        "RollerBall.Losses.ValueLoss.mean": {
            "value": 0.04599092900753021,
            "min": 0.04599092900753021,
            "max": 0.13452182710170746,
            "count": 2
        },
        "RollerBall.Losses.PolicyLoss.mean": {
            "value": 0.24256788194179535,
            "min": 0.23852388560771942,
            "max": 0.24256788194179535,
            "count": 2
        },
        "RollerBall.Policy.LearningRate.mean": {
            "value": 0.00029099825769662857,
            "min": 0.00029099825769662857,
            "max": 0.0002969847118947655,
            "count": 2
        },
        "RollerBall.Policy.Epsilon.mean": {
            "value": 0.1969994306564331,
            "min": 0.1969994306564331,
            "max": 0.19899491965770721,
            "count": 2
        },
        "RollerBall.Policy.Beta.mean": {
            "value": 0.00048529720515944064,
            "min": 0.00048529720515944064,
            "max": 0.0004950750153511763,
            "count": 2
        },
        "RollerBall.IsTraining.mean": {
            "value": 1.0,
            "min": 1.0,
            "max": 1.0,
            "count": 2
        }
    },
    "metadata": {
        "timer_format_version": "0.1.0",
        "start_time_seconds": "1603401343",
        "python_version": "3.7.7 (default, May  6 2020, 11:45:54) [MSC v.1916 64 bit (AMD64)]",
        "command_line_arguments": "C:\\Users\\jason\\anaconda3\\envs\\py37\\Scripts\\mlagents-learn config/rollerball_config.yaml --run-id=MultiRollerBall1",
        "mlagents_version": "0.21.0",
        "mlagents_envs_version": "0.21.0",
        "communication_protocol_version": "1.2.0",
        "tensorflow_version": "2.3.1",
        "numpy_version": "1.17.0",
        "end_time_seconds": "1603401442"
    },
    "total": 98.45200009999999,
    "count": 1,
    "self": 0.014939699999999334,
    "children": {
        "run_training.setup": {
            "total": 0.026555000000000106,
            "count": 1,
            "self": 0.026555000000000106
        },
        "TrainerController.start_learning": {
            "total": 98.41050539999999,
            "count": 1,
            "self": 0.4052078999995956,
            "children": {
                "TrainerController._reset_env": {
                    "total": 16.4387425,
                    "count": 1,
                    "self": 16.4387425
                },
                "TrainerController.advance": {
                    "total": 80.5919451000004,
                    "count": 5787,
                    "self": 0.14491300000045726,
                    "children": {
                        "env_step": {
                            "total": 80.44703209999994,
                            "count": 5787,
                            "self": 74.14156609999908,
                            "children": {
                                "SubprocessEnvManager._take_step": {
                                    "total": 6.17361360000028,
                                    "count": 5787,
                                    "self": 0.22133780000051217,
                                    "children": {
                                        "TFPolicy.evaluate": {
                                            "total": 5.952275799999768,
                                            "count": 3814,
                                            "self": 5.952275799999768
                                        }
                                    }
                                },
                                "workers": {
                                    "total": 0.1318524000005823,
                                    "count": 5786,
                                    "self": 0.0,
                                    "children": {
                                        "worker_root": {
                                            "total": 83.12355799999982,
                                            "count": 5786,
                                            "is_parallel": true,
                                            "self": 22.911413499999682,
                                            "children": {
                                                "steps_from_proto": {
                                                    "total": 0.0005374000000006873,
                                                    "count": 1,
                                                    "is_parallel": true,
                                                    "self": 0.00019900000000028228,
                                                    "children": {
                                                        "_process_vector_observation": {
                                                            "total": 0.00033840000000040504,
                                                            "count": 2,
                                                            "is_parallel": true,
                                                            "self": 0.00033840000000040504
                                                        }
                                                    }
                                                },
                                                "UnityEnvironment.step": {
                                                    "total": 60.21160710000014,
                                                    "count": 5786,
                                                    "is_parallel": true,
                                                    "self": 1.0276583000002475,
                                                    "children": {
                                                        "UnityEnvironment._generate_step_input": {
                                                            "total": 0.8100768000001359,
                                                            "count": 5786,
                                                            "is_parallel": true,
                                                            "self": 0.8100768000001359
                                                        },
                                                        "communicator.exchange": {
                                                            "total": 56.32101250000014,
                                                            "count": 5786,
                                                            "is_parallel": true,
                                                            "self": 56.32101250000014
                                                        },
                                                        "steps_from_proto": {
                                                            "total": 2.05285949999962,
                                                            "count": 5786,
                                                            "is_parallel": true,