{
    "name": "root",
    "gauges": {
        "RollerBall.Policy.Entropy.mean": {
            "value": 1.4233797788619995,
            "min": 1.4087940454483032,
            "max": 1.4351385831832886,
            "count": 7
        },
        "RollerBall.Environment.EpisodeLength.mean": {
            "value": 6.453194650817236,
            "min": 5.922330097087379,
            "max": 10.293453724604966,
            "count": 7
        },
        "RollerBall.Policy.ExtrinsicValueEstimate.mean": {
            "value": 0.7881907224655151,
            "min": 0.26918163895606995,
            "max": 0.7881907224655151,
            "count": 7
        },
        "RollerBall.Environment.CumulativeReward.mean": {
            "value": 0.8002980625931445,
            "min": 0.3733031674208145,
            "max": 0.8002980625931445,
            "count": 7
        },
        "RollerBall.Policy.ExtrinsicReward.mean": {
            "value": 0.8002980625931445,
            "min": 0.3733031674208145,
            "max": 0.8002980625931445,
            "count": 7
        },
        "RollerBall.Losses.ValueLoss.mean": {
            "value": 0.05854860320687294,
            "min": 0.05854860320687294,
            "max": 0.19326850771903992,
            "count": 7
        },
        "RollerBall.Losses.PolicyLoss.mean": {
            "value": 0.23730136454105377,
            "min": 0.23730136454105377,
            "max": 0.2508642077445984,
            "count": 7
        },
        "RollerBall.Policy.LearningRate.mean": {
            "value": 0.0002804900286719203,
            "min": 0.0002804900286719203,
            "max": 0.0002984805323649198,
            "count": 7
        },
        "RollerBall.Policy.Epsilon.mean": {
            "value": 0.19349665939807892,
            "min": 0.19349665939807892,
            "max": 0.19949354231357574,
            "count": 7
        },
        "RollerBall.Policy.Beta.mean": {
            "value": 0.00046813362860120833,
            "min": 0.00046813362860120833,
            "max": 0.0004975181655026972,
            "count": 7
        },
        "RollerBall.IsTraining.mean": {
            "value": 1.0,
            "min": 1.0,
            "max": 1.0,
            "count": 7
        }
    },
    "metadata": {
        "timer_format_version": "0.1.0",
        "start_time_seconds": "1603401559",
        "python_version": "3.7.7 (default, May  6 2020, 11:45:54) [MSC v.1916 64 bit (AMD64)]",
        "command_line_arguments": "C:\\Users\\jason\\anaconda3\\envs\\py37\\Scripts\\mlagents-learn config/rollerball_config.yaml --run-id=MultiRollerBall2",
        "mlagents_version": "0.21.0",
        "mlagents_envs_version": "0.21.0",
        "communication_protocol_version": "1.2.0",
        "tensorflow_version": "2.3.1",
        "numpy_version": "1.17.0",
        "end_time_seconds": "1603401715"
    },
    "total": 156.1781162,
    "count": 1,
    "self": 0.01772020000001362,
    "children": {
        "run_training.setup": {
            "total": 0.019523399999999747,
            "count": 1,
            "self": 0.019523399999999747
        },
        "TrainerController.start_learning": {
            "total": 156.1408726,
            "count": 1,
            "self": 0.5223164999979701,
            "children": {
                "TrainerController._reset_env": {
                    "total": 17.4063834,
                    "count": 1,
                    "self": 17.4063834
                },
                "TrainerController.advance": {
                    "total": 137.50054290000202,
                    "count": 10726,
                    "self": 0.2759737000013729,
                    "children": {
                        "env_step": {
                            "total": 137.22456920000064,
                            "count": 10726,
                            "self": 128.43824600000266,
                            "children": {
                                "SubprocessEnvManager._take_step": {
                                    "total": 8.538436199998849,
                                    "count": 10726,
                                    "self": 0.38424640000037513,
                                    "children": {
                                        "TFPolicy.evaluate": {
                                            "total": 8.154189799998473,
                                            "count": 6399,
                                            "self": 8.154189799998473
                                        }
                                    }
                                },
                                "workers": {
                                    "total": 0.24788699999913177,
                                    "count": 10725,
                                    "self": 0.0,
                                    "children": {
                                        "worker_root": {
                                            "total": 140.2058231000004,
                                            "count": 10725,
                                            "is_parallel": true,
                                            "self": 34.065127899999425,
                                            "children": {
                                                "steps_from_proto": {
                                                    "total": 0.001020000000000465,
                                                    "count": 1,
                                                    "is_parallel": true,
                                                    "self": 0.00029979999999873996,
                                                    "children": {
                                                        "_process_vector_observation": {
                                                            "total": 0.000720200000001725,
                                                            "count": 2,
                                                            "is_parallel": true,
                                                            "self": 0.000720200000001725
                                                        }
                                                    }
                                                },
                                                "UnityEnvironment.step": {
                                                    "total": 106.13967520000098,
                                                    "count": 10725,
                                                    "is_parallel": true,
                                                    "self": 1.9141270000011872,
                                                    "children": {
                                                        "UnityEnvironment._generate_step_input": {
                                                            "total": 1.4405935000001122,
                                                            "count": 10725,
                                                            "is_parallel": true,
                                                            "self": 1.4405935000001122
                                                        },
                                                        "communicator.exchange": {
                                                            "total": 99.05626870000059,
                                                            "count": 10725,
                                                            "is_parallel": true,
                                                            "self": 99.05626870000059
                                                        },
                                                        "steps_from_proto": {
                                                            "total": 3.7286859999990973,
                                                            "count": 10725,
                                                            "is_parallel": true,