{
    "name": "root",
    "metadata": {
        "timer_format_version": "0.1.0",
        "start_time_seconds": "1603400095",
        "python_version": "3.7.7 (default, May  6 2020, 11:45:54) [MSC v.1916 64 bit (AMD64)]",
        "command_line_arguments": "C:\\Users\\jason\\anaconda3\\envs\\py37\\Scripts\\mlagents-learn config/rollerball_config.yaml --run-id=RollerBall1",
        "mlagents_version": "0.21.0",
        "mlagents_envs_version": "0.21.0",
        "communication_protocol_version": "1.2.0",
        "tensorflow_version": "2.3.1",
        "numpy_version": "1.17.0",
        "end_time_seconds": "1603400168"
    },
    "total": 73.3014998,
    "count": 1,
    "self": 0.04287459999999044,
    "children": {
        "run_training.setup": {
            "total": 0.022826800000000702,
            "count": 1,
            "self": 0.022826800000000702
        },
        "TrainerController.start_learning": {
            "total": 73.23579840000001,
            "count": 1,
            "self": 0.11315340000014373,
            "children": {
                "TrainerController._reset_env": {
                    "total": 38.838639,
                    "count": 1,
                    "self": 38.838639
                },
                "TrainerController.advance": {
                    "total": 33.24045569999988,
                    "count": 2432,
                    "self": 0.054178999999876964,
                    "children": {
                        "env_step": {
                            "total": 33.1862767,
                            "count": 2432,
                            "self": 30.41144559999959,
                            "children": {
                                "SubprocessEnvManager._take_step": {
                                    "total": 2.7249238000004468,
                                    "count": 2432,
                                    "self": 0.10537760000038787,
                                    "children": {
                                        "TFPolicy.evaluate": {
                                            "total": 2.619546200000059,
                                            "count": 2299,
                                            "self": 2.619546200000059
                                        }
                                    }
                                },
                                "workers": {
                                    "total": 0.04990729999996546,
                                    "count": 2431,
                                    "self": 0.0,
                                    "children": {
                                        "worker_root": {
                                            "total": 35.45082950000008,
                                            "count": 2431,
                                            "is_parallel": true,
                                            "self": 8.822198199999939,
                                            "children": {
                                                "steps_from_proto": {
                                                    "total": 0.0002214000000009264,
                                                    "count": 1,
                                                    "is_parallel": true,
                                                    "self": 7.539999999295333e-05,
                                                    "children": {
                                                        "_process_vector_observation": {
                                                            "total": 0.00014600000000797309,
                                                            "count": 2,
                                                            "is_parallel": true,
                                                            "self": 0.00014600000000797309
                                                        }
                                                    }
                                                },
                                                "UnityEnvironment.step": {
                                                    "total": 26.628409900000143,
                                                    "count": 2431,
                                                    "is_parallel": true,
                                                    "self": 0.36301270000026165,
                                                    "children": {
                                                        "UnityEnvironment._generate_step_input": {
                                                            "total": 0.27199270000006237,
                                                            "count": 2431,
                                                            "is_parallel": true,
                                                            "self": 0.27199270000006237
                                                        },
                                                        "communicator.exchange": {
                                                            "total": 25.29492429999995,
                                                            "count": 2431,
                                                            "is_parallel": true,
                                                            "self": 25.29492429999995
                                                        },
                                                        "steps_from_proto": {
                                                            "total": 0.6984801999998709,
                                                            "count": 2431,
                                                            "is_parallel": true,
                                                            "self": 0.30529969999997064,
                                                            "children": {
                                                                "_process_vector_observation": {
                                                                    "total": 0.39318049999990023,
                                                                    "count": 4862,
                                                                    "is_parallel": true,
                                                                    "self": 0.39318049999990023
                                                                }
                                                            }
                                                        }
                                                    }
                                                }
                                            }
                                        }
                                    }
                                }
                            }
                        }
                    }
                },
                "trainer_threads": {
                    "total": 4.8100000000772525e-05,
                    "count": 1,
                    "self": 4.8100000000772525e-05,
                    "children": {
                        "thread_root": {
                            "total": 0.0,
                            "count": 0,
                            "is_parallel": true,
                            "self": 0.0,
                            "children": {
                                "trainer_advance": {
                                    "total": 32.76194190000089,
                                    "count": 14686,
                                    "is_parallel": true,
                                    "self": 1.1503188000010383,
                                    "children": {
                                        "process_trajectory": {
                                            "total": 28.983905099999852,
                                            "count": 14686,
                                            "is_parallel": true,